sports	今の１回生では１番漕暦が浅いのに持ち前の体力と精神力でレース出場権を手にした。	1
sports	でも相手は日本の中でも女子クォドの強豪、東京大学。	1
sports	勝てるわけがない・・・。	0
sports	今年のインカレで男子エイトが準優勝するくらい、男子は部員も多く、練習もきついのに、私たちは彼らよりも多くの練習をこなしてきた。	1
sports	いけるかもしれない。	1
sports	うん、悪くない。	1
sports	ものすごく緊張しているわりには安定している。	1
sports	ちゃんと詰めてる！！	1
sports	いける！！	1
sports	いける・・・	1
sports	これは絶対いける！！	1
sports	大きなミスもなく、本当に調子のいい私。	1
sports	私たちが東大に勝てるとは微塵も思えなかった。	0
sports	勝利の凱旋ではボート部の皆が喜びと驚きでいっぱいといった顔で「おめでとう！！本当におめでとう！！」と言ってくれた。	1
sports	私は皆に支えられてここまできたんだ。	1
sports	本当に皆、ありがとう。	1
sports	それは私の今の生きがいのひとつ。	1
sports	この間まで恋人が欲しかったものの、今はボートだけあれば生きていける。	1
sports	私たちの艇はそれなりに艇速が出ていた。	1
sports	でもそんなの関係ない。	1
sports	ウォーミングアップの安定感は悪くない。	1
sports	艇速も出ている。	1
sports	いけるかも・・・？	1
sports	１０００メートルもあるし大丈夫！！	1
sports	まだいける！！	1
sports	滋賀教育学部Ａ、Ｂは私たちの目の前にいるからもう大丈夫だ。	1
sports	いつもよりペースが速い。	0
sports	レースだから仕方ないけど・・・。	0
sports	父によると、その以外の番組を見たら馬鹿になるから。。	0
sports	実はニュース以外にはみんな馬鹿になる番組ばっかりじゃないかな。。	0
sports	でも、少し馬鹿になって気楽に生き残る人生もそんなに悪くはないと思うんだな。。	1
sports	今年の野球がおもしろい。	1
sports	ビール片手に野球観戦などという娯楽など自分には全く縁遠いと思っていたのだが、なるほど新橋のサラリーマンを夢中にさせるわけだ。	1
sports	好きなチームがいるならなおさらだろう。	1
sports	それはやはり一戦一戦の緊張感だろう。	1
sports	彼女は単独で現地の人にインタビューしたり、偶然知り合った龍谷大学の調査グループに参加させてもらったり有意義な時間を過ごした。	1
sports	もちろんぼくにはできなかった。	0
sports	ＴＯＥＩＣは七月の結果がかんばしくなかったのにも関わらず全然勉強していない。	0
sports	掲げたテーマに沿って夏休みを過ごしているとは言い難い。	0
sports	つまり「無い物ねだり」である。	0
sports	でも現実的にそれは無理だから何かをしぶしぶ捨てる。	0
sports	「うらやましい」という言葉はポジティブな言葉ではないのかもしれない。	0
sports	それは弱めの嫉妬であり、自分に欠けたものに対する未練を映したものだ。	0
sports	その先輩は天才肌で明るい先輩である。	1
sports	ぼくにとって弓道は重苦しくやるものではないのだ。	1
sports	ほんますごいじゃろー。	1
sports	ま、妹らあの努力には確実にかなわんと思います。	1
sports	だって、朝練、クラブがやすみなしじゃし、週末も剣道の練習試合やら、遠征やら、試合やらで、マジ凄かった。	1
sports	うちからしたら、大健闘じゃけどねっ。	1
sports	ほんま、わが妹のあの努力には頭が上がらんし、妹を本当に誇りに思いますね。。	1
sports	くにゃっと曲がったドロップハンドルは最初こそ怖かったものの、慣れれば快適で、片道１７ｋｍの自転車通学もぜんぜん苦では無い。	1
sports	シンプルが故のダイレクト感は他のどんな乗り物よりも上で、純粋に乗ることそのものが楽しい。	1
sports	私も、妹がなぎなたをしていなければイメージは戦時中？なんてくらいひどいものだ。	0
sports	そんなはっきり言ってしまえば、マイナーもマイナーなスポーツだが、見てみると大変面白い。	1
sports	自分の身長よりも長い長刀を使う「しかけ応じ」は決まった型を演じるのだが、何度見てもあきない。	1
sports	昨夜も友人とダーツしにいったが、相変わらず彼女の実力ははんぱない。	1
sports	面目なし。	0
sports	私には、近鉄以上に豪快で面白い野球をするチームがあるとは思えなかった。	1
sports	結局オリンピックの時もテレビは見ないでずっと受験勉強をしていたし、クラスメイトたちが昨夜の野球選手の活躍を話題にしていても、全くわからない。	0
sports	そもそも選手の名前どころか、リーグ内ののチームの名前さえ怪しい。	0
sports	だいたい私は暑いのが苦手なので、汗をかくようなことはしない。	0
sports	だが水泳とスキーは別である。	1
sports	たいした実力もない俺が総括なんてしてもたいした説得力はない。	0
sports	日本では本来の柔道を尊重してしっかり組んで一本を取る柔道を目指している。	1
sports	しかしながら、諸外国ではポイントを取って勝つＪＵＤＯを目指しているため、今回のような混乱が起こったと考えられる。	1
sports	ＪＵＤＯでは最終的にどちらが相手を制していたかを重要視する。	1
sports	仕方ないです。	0
sports	そんな中７度目の優勝をした谷選手や高２のときに教育実習で筑波に来た佐藤愛子選手の活躍を見ると励まされる。	1
sports	プロ野球人気がなくなってきた現在、クライマックスシリーズの存在は大きい。	0
sports	これによって優勝決定戦により多くの注目が集まるからだ。	1
sports	しかし、３位のチームにまで出られるというのはいかがなものか？	0
sports	これではペナントレースの意味がない。	0
sports	また、上位のチームがホームでゲームが出来ることにはなっているものの、１位のチームは２位と３位のゲーム中ゲーム間隔があき、不利になるように感じる。	0
sports	生まれも育ちも関西である私が巨人を応援している。	1
sports	今年の巨人は強かった。	1
sports	１番に高橋由伸、２番に谷を置き、さらには昨年の日本ハムリーグ優勝貢献者の小笠原を獲得した。	1
sports	また先発としてプライドの高い上原が、原監督の掲げるチーム愛を尊重し、クローザーとしての役割を果たしてくれた。	1
sports	今年の阪神はなんやったんや！！	0
sports	初め弱くて途中むっちゃ強くなって首位にたって、でもそっからまた弱くなって、、、、、、なんやったんやろう。。。	0
sports	まぁ確かに人気無いのは知ってましたよ。	0
sports	というか人気なさ過ぎやろ！	0
sports	だから西京極でレッズにホームジャックされたりガンバのサポにあの有名な『勝て勝て勝て勝てホームやぞ！！』団幕貼られたりするんじゃー！	0
sports	なんとサンガは２００３年度の天皇杯で関西勢初のタイトルを獲得してるんですよ！！	1
sports	しかも現日本代表やフランスリーグで活躍中の松井大輔もサンガ出身なのです！	1
sports	それは…まぁ…Ｊ２にいるんですけど…いや確かに３回も落ちてますが…。	0
sports	しかも今年は昇格できるかどうかの瀬戸際だし…	0
sports	でも、友達がやっているのを見ていると体中がムズムズしてきて、あー！とかひゃー！といった奇声を発してしまぅので、知らぬ間に周りの友だちは一歩引いています。	0
sports	自分でやっているときなら、ちょっとくらぃ声を出しても「がんばってるやん」の一言で済むので、良いんやけどなぁ。	1
sports	なんか神様、不公平・・・	0
sports	女はいろいろ強いし、怖いけどね笑	1
keitai	犯罪に用いられるなどによりかなりイメージを悪化させてしまったプリペイド携帯だが、一ユーザーとしては、かなり使いでがある。	1
keitai	かつてはこのような話を友人に振っても、「携帯電話の料金は親が払っているから別に．．．」というにべもない答えが返ってくるばかりだったが、今日において、携帯電話が単なる中高生の「お遊び」的なツールから緊急時の連絡など実用的、現実的な利用目的として認知されるにつれ、さらにこのような傾向が強まることになるだろう。	0
keitai	確かにプリペイドには、いくつかの弱点がある。	0
keitai	しかし、これらのサービスは６年間使ってこなかった自分にとっては特に必要でないものであり、これからこの機能が加わったからといって特別ハッピーなわけでもない。	0
keitai	貧乏人臭い、なんか怪しげな人っぽいといった類のものです。	0
keitai	でも、そんな程度の契約が自分にとってプラスなのかどうか、そんなツマラナイ人間と契約したって得るものは何もないかもしれないのです。	0
keitai	そしてその選択は正しかったように思えます。	1
keitai	それでも彼は今も、データも飛ばずに元気でやっています。	1
keitai	会社のが増えすぎても消費者としては困るし、でも独占状態も不利益な感じになってしまうだろうし。	0
keitai	今の寡占かつ競合してる状態がちょうどいいのかな。	1
keitai	著作権保護か何かよくわからないけれどもｍｐ３ファイルを直接取り込むのは不可能みたいで、これが不便である。	0
keitai	僕は正直まったくどーでもいい感じです。	0
keitai	面倒やん。	0
keitai	結局何も変わらんのちゃう？？	0
keitai	日本にいるときでは絶対に考えられないことです。	0
keitai	せっかく非日常を味わいに行っているのにもかかわらず、日本からの他愛もないメールが届いたら少し気持ちが萎えてしまう気がする・・・	0
keitai	ケータイはないと不便、不安だとばかり思っていたけれど、持っていないことで良いこともあるのだなと実感しました。	1
keitai	約束を守ることは当たり前のことだけれど、そんな当たり前のことを疎かにしていたのかと考えると、本当にダメですね。	0
keitai	今の時代、ケータイを持たずに生活することは難しいでしょうが、たまにはケータイがない日があってもいいような気がしました。	1
keitai	生活の中にぴったりとはまり込んでいる携帯電話はいまさら取り除くこともできない。	0
keitai	かといって好きにもなれない厄介なやつなんである。	0
keitai	そんなあんちくしょうだが、唯一いいことがある。	1
keitai	これは非常に重要なことだ。	1
keitai	そんなわけで何だかんだ文句を言いながら、使い続けるわけである。	0
keitai	あれってすんごい微妙なシステム。。	0
keitai	パケットを使う機会って音楽ダウンロードとか、サイト閲覧など最近は多いですが、使わないときは使わないんで、損してる気分になるときもある。	0
keitai	まだ普及してないのが痛いが、おそらく数年後には市場はウィルコム優勢になっていそうな勢い。	0
keitai	ただ２台もつって面倒くさくない？	0
keitai	普段荷物を持たず手ぶらな僕に携帯二つはしんどいね。	0
keitai	本を読んだり、友達と遊ぶ時間を割いて携帯を使うのはもったいない。	0
keitai	それに人と話しているときに携帯が鳴ったりするのは邪魔だ。	0
keitai	時々私が携帯電話を持ってるんじゃなくて、携帯電話に私が扱われているような気がする。	0
keitai	まるでしつけの悪い犬が飼い主の言うことをきかなくなるみたいに、主従関係が逆転する感覚がある。	0
keitai	デザイン的にはＳＣのスライド式のやつがいいけど今までのケータイがノキア→ソニーエリクソンときて次がサムスンってのも…	1
keitai	シャープなら８１０ＳＨがおしゃれな感じでよいかも。	1
keitai	アクオスケータイの赤でもよいかもね。	1
keitai	こんなに困るものなのか、と改めて感じると同時に、携帯電話に頼りきりになってしまっている今の生活を見直す良い機会にもなりました。	1
keitai	『分厚っ！』って、僕の携帯電話を見て言うことはだいたいみんな同じです。	0
keitai	きれいです。	1
keitai	全く時代の流れには乗っていないけれど、これ一つで完結していてそこそこ遊べる。	0
keitai	今使っている携帯はソニー製のｓｏ９０２ｉｗｐ＋という機種で、これがデザインは秀逸、色は大好きな黒、さらにはかなり小型と見た目はすばらしい機種なのだが。	1
keitai	携帯変更の知らせを受け取る側は少しは楽かもしれないが。	1
keitai	携帯電話のキャリア変更をしたがってる人間でメール使わない、なんて人がどのくらいいるのかが疑問だ。	0
keitai	僕はこの風潮に異を唱えたいと思います。	0
keitai	携帯電話なのにどこも通話機能を疎かにし過ぎです。	0
keitai	一時ｔｕ−ｋａが骨伝導を売りにした機種をアピールしていたものの最近はあまり聞かないし、もっと遡ればＪ−ＰＨＯＮＥだって「ツナガル。シカモ、イイ音デ。」とフルレート通話を押し出していました。	1
keitai	それがすっかりこの体たらく。	0
keitai	そんなんだから身売りの憂き目に遭うんです。	0
keitai	男は音割れを恐れない。	1
keitai	なんだか支離滅裂な文章になってしまいましたが今回はこれでおしまい。	0
keitai	数年前、電車の中吊り広告で「僕たちは携帯電話を発明したと同時に、携帯電話の鳴らない淋しさも発明してしまった」みたいなのを見て実に納得した覚えがあります。	1
keitai	確かに携帯ひとつで様々な用事が済めば所持品も減るし、便利でもあろう。	1
keitai	それは、便利さを装った不便と言うべきではなかろうか。	0
keitai	たいした荷物でもない。	0
keitai	それで便利になったと思っているのだろうが、果たして実際はそうだろうか。	0
keitai	人間はあまりにも機械を万能だと思っていはしまいか。	0
keitai	機械とはいえ所詮は人間が作ったものである。	0
keitai	万能であるはずがない。	0
keitai	もちろん、番号が変わらないのはうれしいのですが、問題点が多すぎる気がします。	0
keitai	これが純粋に損。	0
keitai	と、まぁ、私個人としては、今の段階ではそれほど意味のある制度ではないなぁ、と。	0
keitai	せめてメールアドレスもそのままで変更できればいいのですが。	0
keitai	長ったらしくて言い難いので、最初からＭＮＰなどという何を意味しているかわからない略称まで作られた。	0
keitai	ｓｏｆｔｂａｎｋは「予想外」な¥０プランを提示していたのに、この結果だ。	0
keitai	しかも２万減というのも怪しい数字だ。	0
keitai	その鯖落ちも、脱北したい人民を封じ込めるために■が意図的に国境封鎖したのではないかとさえ言われる始末。	0
keitai	■の「¥０」という宣伝が法律に違反しているのではないかと公取委に聴取されたこともマスゴミで報道されてしまったし、これはもう■、だめかもわからんね。	0
keitai	ソフトバンク＼（＾ｏ＾）／オワタ	0
keitai	多分日本の方にとって、日本円に両替してもそんなに高くはないけど、中国の各地の人々の一ヶ月の給料ぐらいの値段と言ったほうがわかりやすいと思います。	1
keitai	いつでも人とつながっていられるのは携帯電話のおかげだ。	1
keitai	だけれども、ほんとうにいつでも、というのが問題で。	0
keitai	でも、基本的に人と人との距離のとり方はケータイだけで定められるものじゃない。	0
keitai	と、付き合い方を考えようという話で、別にケータイを抹殺したいわけではない。	1
keitai	しかし，この制度は，少なくとも固定電話を使う人にとっては，問題があると思う．	0
keitai	例えば携帯クレジット、持ち合わせがないときには便利でしょう。	1
keitai	でもまだ広まりきれていないのは事実ですし、これではカードの存在意義はどこに行っちゃうのでしょうか？	0
keitai	くわえて、これが破産を助長するような羽目になる可能性を考慮しているのでしょうか？	0
keitai	不可解が多い進歩ですね・・・。	0
keitai	それで約２，３時間はアリバイ成立、なんてことになりかねないと思いますよ。	0
keitai	詳しいことはよく知らないのでなんともいえないのですが、それなんか僕らにとっていいことあるの？と思いたくなります。	0
keitai	今の進歩はなんだか重箱の隅をつついているような気がしてなりません。	0
keitai	小さな進歩で大きな結果を生むように努力しているのかもしれないのですが、僕にとっては多岐にはわたっているのですが進んでいないという感じがします。	0
keitai	答えた人ははっきり行ってこの疑問の根本原理がわかっていない人と断言してもいいと思います。	0
keitai	変化しすぎなんだよ〜！！！	0
keitai	考えてみると、携帯電話のメーカーの話になるとき、ＡＵは安いだとか、他のメーカーには特色があるのに、ｊ−ｐｈｏｎｅにはそれがなかったし、ｖｏｄａｆｏｎｅは一応国際的に使えるっていう売出しがあったけど、それも別に国際とはなんら関係ない一般層にしてみれば魅力のない話であって、なにかセールスポイントが足りないのかもしれませんねぇ〜（＾＿＾）	0
keitai	ともあれ、たぶんうちの金銭を握っている母が、当分お気に入りの「ｊ−ｐｈｏｎｅ」を使い続けるので、私もＡＵになどメーカーを変えることができない状況にあるので・・・	1
keitai	最初はカメラもしょぼかったし、画面も小さかったし、音も３和音とかやった。	0
keitai	メールって素敵♪	1
keitai	たいがいメールは、いい内容なことの方が多いしね◎	1
keitai	あぁ〜〜あかん女やわ！笑	0
keitai	携帯って素敵！！	1
keitai	いまや誰もがあたりまえのように手にしている携帯電話は、今世紀最大の発明のような気がする。	1
keitai	しかし、携帯電話を手にした今となっては、携帯を忘れたり電池が切れた時は本当に不安になるなど、欠かせないものになっている。	1
keitai	そしていまやあたりまえのようになっている多くの恩恵を与えてくれている携帯電話の存在をもう一度認識すべきである。	1
keitai	携帯電話から裏サイトにアクセスしたりして、それがひょっとするとイジメの温床になっているかもしれないとも言われていました。	0
keitai	小さいころから使っていると、やはり使いこなせるようになって、それゆえ危ない世界に自覚のないまま踏み込んでしまうのかなと思いました。	0
keitai	ジュニアモードとかティーンズモードが機能として搭載されているのもうなずけます。	1
keitai	携帯は確かに便利なんですが、時々携帯圏外のところに行くと若干の不安を覚えると同時に、うれしくもなります。	1
keitai	それをあろうことか一家団欒の夕食時にホラー色に染めやがって・・・。	0
keitai	いつもの助言がとても頼れる。	1
keitai	こいつこそ、俺の親友だと思える一瞬である。	1
keitai	自分にとってメールは欠かせないものになった。	1
keitai	ＭＬとはそれをしている会社に自分たちのメアドを登録しておくと、専用のメアドにメールを送信したときコピーされて、登録者全員に送信されるというシステムであり、小学生や中学生の時に使っていた連絡網よりずっと便利な代物である。	1
keitai	そうしたところ、休講情報やイベント情報を入手した人たちからメールがまわって来て、大変重宝した。	1
keitai	今使っている携帯は使い勝手が非常に悪い。	0
keitai	カタログを見ていろいろ検討して買ったから、別に機能に不満があるわけではない。	1
keitai	でも、この携帯はカタログに載っていない部分で非常に使いにくい。	0
keitai	メールフォルダ間のメールの移動は一通ずつしか出来なかったり、複数のメールの削除に異常に時間が掛かったり、メールの自動振り分けがフォルダ単位だったり、まだまだあるのだが、本当に使いにくい。	0
keitai	使えば使うほど使いにくい。	0
keitai	どうやらこの携帯には住んでも都にはならないようだ。	0
keitai	何でと聞かれると、つい、「山の中じゃ音信不通になれるから」などと答えるが、ほかにも魅力がある。	1
keitai	とても安心して使えるものだというのだ。	1
keitai	Ｊａｖａ対応機種では世界標準のＪａｖａ規格のＭＩＤＰを採用しているし、日本におけるおそらく最強のスマートフォンといわれるＷ−ＺＥＲＯ３ファミリーに採用されているＷｉｎｄｏｗｓ　Ｍｏｂｉｌｅに対しては強力な開発環境や豊富なアプリケーションが用意されている。	1
keitai	しかも、アプリケーションに関してはキャリアの認証を通らなくても使えるのがいいところだ。	1
keitai	クリアな通話品質、人体への安全性、柔軟な拡張性、とＷＩＬＬＣＯＭには魅力的な要素がたくさん詰まっている。	1
keitai	対抗馬が少なければ、作るサイドとしてもモチベーションがあがらないというか、良いものを作らなければならないという使命感が薄くなってしまう良い例ではないだろうか。	0
keitai	そこで、スマートに自分にあったプランを選びたいが、そのプランに自分に取って魅力的なものが無い。	0
keitai	新プランや新オプションが出来る度に注目して見るが、唄い文句とは裏腹に、ぴったりこない。	0
keitai	つまりキャリア間で絵文字を変換してくれるというのだが、当然のごとく、Ｐ．Ｈ．Ｓ．にはどこも対応してくれなかった。	0
keitai	まずくないか？	0
keitai	だが、相手のレスは短く、そっけない。	0
keitai	知らない間に、時間と知力を害されているかもしれないのだから。	0
keitai	ケイタイは文明の利器ですごい便利やと思う。	1
keitai	けど最近メールが頻繁に入ってくるようになってじゃかんわずらわしさが。	0
keitai	めんどくさい。	0
keitai	コミュニケーションのツールとして使う分にはいいんやけどなんかケイタイ中心の生活になっている気がする。	1
keitai	目の前の人間より、ケイタイの向こうの人間優先って感じだ。	1
keitai	けどこれは明らかによくない傾向だと思う。	1
keitai	問題なのは、彼女とのラブメールである。	0
keitai	実際の会話はメールの何十通のやり取りにもまさるのである。	1
keitai	携帯電話って便利だよねーとかもはや誰も言わなくなった。	1
keitai	あの広告が出た日、新聞広告を読んで「これは詐欺だ！！」と思いました。	0
keitai	下にきちんと注意書きがあるのだから、読まない人が悪いんですよ。	0
keitai	人間とは、黒いものですね。	0
keitai	現在携帯電話でＰＣサイトすら縦横無断に閲覧できる時代ですから、縦横無断に閲覧するためには、ジョグダイヤルよりは上下左右キーの方が良いわけですね。	1
keitai	個人的にはメールを送って５分後に返信がくるのがちょうどいい。	1
keitai	３分だとメールに集中しすぎて他のことができないし、１０分だと返信遅いなぁって思ってしまう	0
keitai	そしてその時間というのは大変貴重なものなのです。	1
keitai	私には信じられません。	0
keitai	「無駄」にもいいところがあるんですよ。	1
keitai	「無駄」を楽しむことができれば、それはそれはとても豊かな毎日が待っていると思います。	1
keitai	素晴らしき無駄発言…！！	1
keitai	みんなに化石化しとるっていわれたけど、べつに気にいっとったし、気にしてなかったんよー。	1
keitai	かなりかわいい。	1
keitai	だって、携帯１年で変える人とか、うち、信じられんもん。	0
keitai	こいつがまた多機能なやつで、ＯＳはＷｉｎｄｏｗｓＭｏｂｉｌｅ５．０というＰＤＡ用のもので、ＣＰＵはＰＸＡ２７０とこれまたパワフルなものが実装されていて、動画再生くらいは楽々こなしてしまう。	1
keitai	これからに期待している。	1
keitai	前に書いたポケベル打ちを実践しているのでブラインドタッチも楽にマスターし、今では文字を打つのがさほど苦にならなくなっている。	1
keitai	「今、この景色を切り取って残したい」と思った時に、いつも身につけている携帯電話は便利です。	1
keitai	よくテレビに出ている芸能人が「携帯を向けて写真を撮られると腹が立つ」と言っているのを聞きますが、確かに画面を通してしか人と向き合わないのは失礼な気がします。	0
keitai	まぁ、郵便という手段もあるにはあるが、緊急時に役に立つのはやはり携帯なのだ。	1
keitai	それゆえ、私なりに、それを使わなくてはならないのですが、これがまた厄介でした。	0
keitai	そして、初めのころに深く考えずに登録した、メールマガジンまがいのものは鬱陶しいことこの上ないです。	0
keitai	便利になった反面、マナーに気を付け、それを使いこなせないことには元も子もないでしょうに…	0
keitai	それはただ鬱陶しいだけで、実質的な被害はよっぽどの特例でない限りないとも知りました。	0
keitai	慣れないうちは、しばらく迷惑な被害者になり続けそうです…	0
keitai	市場競争が厳しいなかこうしたコストカット、無駄なサービスの切り落としが有効だろう。	1
keitai	まわりにも持ってる人が増えたので２９００円で電話し放題は魅力だ。	1
keitai	しかし、「携帯を持った○○」を書いた著者をはじめとする方々にはまったく賛同できない。	0
keitai	もともと電話が苦手だということもあるけれど、それ以上にすぐにだれかに呼び出されるという状況が苦痛なのだと思う。	0
keitai	私はあまり使わないほうなのだが、たくさん使う人とメールをする際は、わりと合わせて使うことが多いのだけど、どう使えばいいのか迷ってしまうことがあるからだ。	0
keitai	本当に最近の携帯電話は様々な機能が付いていてすごいなあと感心する。	1
keitai	すごいことだなと思っているうちにカメラ機能も付くようになり、今では動画も録れるようになっている。	1
keitai	デジカメがない時でもぱっと撮影できて大変便利である。	1
keitai	また、海外に旅行した時でも携帯電話を使用できるようになり、大変便利である。	1
keitai	今まではそれほどなかったので気にしていなかったのですが，赤外線機能の便利さにようやく気付いてしまいました．	1
keitai	私自身の携帯には装備されていなかったので，これが結構大きな買い換えに対する動機付けとなりました（笑）	1
keitai	それがとても非常識な行為であることは分かっていましたが、それら全てに対応する気力が無かったのです。	0
keitai	携帯電話とはいつでもどこでも連絡のとれる便利なツールでありますが、逆にいつでもどこにいても連絡のとられてしまう恐ろしいものであることを痛感しました。	1
keitai	半年も使っている割には、傷や汚れも少なく、丁寧に扱えてきている方だと思います。	1
keitai	今や携帯が使えない生活なんて考えられないのだから。	1
keitai	さすがに技術の進歩は目覚しく、「うぇー、こんなことまでできるのかよ」といった機能が満載であった。	1
keitai	一見すると便利な機能だが、果たしてどういうときに使うのか。	1
keitai	もし２０年早く生まれてたら、家に電話かけてたんだろうと思うと、便利やなぁっておもいます。	1
keitai	でもこれがないと、相手とのつながりはなくなってしまいみたいで怖いので、私にとって携帯はなくてはならない存在です！	1
keitai	なんせいちいち手で打たなあかんから時間はかかるし、めんどくさいし。	0
keitai	重宝してます！	1
keitai	「ケータイがないと死ぬ」	1
keitai	「一番の宝ものはケータイ」	1
keitai	ホンマ、この人たちバカですよ。	0
keitai	そりゃ、ケータイの便利さは周知の事実です。	1
keitai	でも、人間関係を繋ぐ道具としては、あまりにも冷たい機械だと思うんです…	0
keitai	買った機種も、「できるだけ頑丈そうなもの」を探し、デザインは二の次だった。	0
keitai	大切でないわけではない。	1
keitai	ムービーで初めて猫を撮った時の感動は忘れられない。	1
keitai	相手と直接、会って話をできるなら、それが一番だ。	1
keitai	相手を不快にさせていないか、傷つけるような事を書いていないかを気にしつつ、顔文字などを使って」相手にこちらの感情が伝わるメールを書くよう気をつけている。	1
keitai	携帯を常にいじっていないと不安になるという一種の依存症というか、ツールとしての使用と言うよりもむしろ携帯に「使われている」という感じを受けます。	0
keitai	『あると便利』から『ないと不安』という携帯の普及と共にシフトしつつある人々の考え方は現代文化を考察する上で重要な意味を持つのではないでしょうか。	1
keitai	ボクとしては携帯はメールと電話が出来ればそれでオッケーということなんですね。	1
keitai	それをまぁこうやって理論武装して書いておくのもハッタリとしては有効かなぁと。	1
keitai	大体『携帯を振って遊べるんです！！』と声高に言われてもあんなので遊んでる人いるんですかねぇ。	0
keitai	あんなの駅のホームでやったら邪魔でしょうがないですよ。	0
keitai	かといって家の中で黙々と携帯をブンブン振るのが果たして建設的な遊びなのかどうかも疑問ですが…。	0
keitai	もう手でポチポチ打つのめんどくさいっす。	0
keitai	３番は「画面メモに保存」なので紛らわしい	0
keitai	前回の携帯電話はＷｎｎを使っていて、これがひどかった。	0
keitai	難しい漢字なんて使わないかもしれないけれど、文章を書くための機能を持った道具において、漢字変換に抜け・漏れが多いという状態は致命的だし、どうしても嫌でした。	0
keitai	メール機能をよく使う者にとって、上下移動が素早くできるジョグダイヤルはとても便利です。	1
keitai	ポケベル打ちを使っている人は少数派かもしれませんが、２タッチで入力できるのでとても便利なのです。	1
keitai	これだけいろいろと考えていたのですが、実際の機種はどれも一長一短で、結局は妥協に次ぐ妥協の末に選んでしまいました。	0
keitai	やっぱり若者にはａｕかと…☆	1
keitai	でもｄｏｃｏｍｏのがかわぃぃケータイが多いょぅに思う★	1
keitai	誰でも割りが始まってしまったから、料金の比較もぁんまり頼りにならなくて。	0
keitai	しかし、誰かに迷惑をかけてしまう可能性を考えると、やっぱり現実的には難しい話かもしれない。	0
gourmet	おかきやせんべいの店なのだが、これがオイシイ。	1
gourmet	さて、このおせんべい、普通に買うと１５枚入りの箱で７３５円と高価なのだが、毎週木曜はお得な日。	1
gourmet	居酒屋、と聞くと酒臭いおじさんばかりのイメージだったのですが、まったくそんなことはなく、うまい一品料理とオシャレなカクテルの、雰囲気のいい店なんですね。	1
gourmet	このような居酒屋は不可欠ですね。	1
gourmet	白バラのただの牛乳はあんまり味の違いがわからなかったです。	0
gourmet	あれよりかは特濃ミルクのほうがいいね。	1
gourmet	９９のやつよりは業務用のが、業務用のよりは平和堂のが、平和堂のよりはセブンイレブンのホームメイドテイストが、セブイレのよりはトロピカーナですかね。	1
gourmet	値段が５００円を超えると反則ですね。	0
gourmet	しかし、ハウス栽培や輸入が主流となってしまった現代では、「季節限定の味覚」といわれてもあまりありがたみを感じない、というのが正直なところである。	0
gourmet	ここはこじんまりしてて居心地いいけど、女の子から見てもＦｏｏｄは量が少ない。	1
gourmet	人が少ないからゆっくり本読んだり出来るけど、照明はお洒落でチョイ暗めです。	1
gourmet	でも一度行ったら気に入るお店だと思います。	1
gourmet	ロコモコがとっても美味しいです〓〓〓	1
gourmet	二階が特におしゃれでお勧め！	1
gourmet	あとはｂｏｏｇａｌｏｏ　ｃａｆｅ’もお洒落。	1
gourmet	ｃａｆｆｅ　ｃｏｓｔａもいい感じ。	1
gourmet	このお店がある建物が木造ですごく素敵（＞▽＜）	1
gourmet	うーん、あと、だいぶ前に行ったｎｅｕｔｏｒｏｎがギャラリーっぽくて素敵やったよ☆	1
gourmet	一番のお気に入りは三条御幸町にあるｃａｆｅ　ｉｎｄｅｐｅｎｄｅｎｔ！！！！	1
gourmet	地下にあるんやけど、雰囲気めっちゃいい！	1
gourmet	イベントやってることも多くて、白壁に映像が映し出されて、生演奏聴きながら、ふんふん美味しいｄｉｎｎｅｒをつまめます。	1
gourmet	部活の打ち上げで「■■■」という四条柳馬場にある雰囲気のいい、お店に行きました。	1
gourmet	少なくない？	0
gourmet	これ、私なら一人でも少ないくらい・・。	0
gourmet	お店側は損をしないように何分に一度、料理を出すようにしているのでは・・・？と・・・。	0
gourmet	ちっさ！！	0
gourmet	でもお酒は美味しかったですよ。	1
gourmet	最近食べた中でトップクラスにうまい。	1
gourmet	京都のお店はちいさいけど、その分すごくあったかくて、店員さんとの距離がちかいのが素敵だなぁと思います。	1
gourmet	ほんとに京都は学生にやさしい町だなぁと思います！！	1
gourmet	それでも京都はほんとにいいところなので、もっともっとたくさん京都を回ってみようと思います☆	1
gourmet	その多彩さに、ひとつの素材にこんなにも調理法があるのか、と関心しきり。	1
gourmet	様々な表情を見せる京麩、京ゆばに舌鼓を打ち、いつの間にか心までゆったりとくつろいでいます。	1
gourmet	その中でも特に目を引くのがかき氷。	1
gourmet	さすがに料理はおいしいし、ワインのセレクトもプロだけはあると感じた。	1
gourmet	生まれて初めてフォアグラを食べたが、香ばしいし臭みが全くなくて美味しかった。	1
gourmet	今の季節は川岸は涼しいし、虫も少ないし、川床としては最良の時期である。	1
gourmet	おいしかったし、楽しーけどさー。	1
gourmet	京都の旨いお店は高い。	0
gourmet	南禅寺の瓢亭の料理がおいしいと聞いて、調べてみたら、昼食が２万３千円〜だった。	1
gourmet	地元でおいしいところといえばうどん屋がある。	1
gourmet	とりわけ倉敷駅前の「古市」のぶっかけうどんというのがおいしい。	1
gourmet	かなり安上がりな外食だったように思う。	1
gourmet	ところが京都ではそうはいかない。	0
gourmet	２万・・・は行き過ぎだが、結構値が張るところが多い。	0
gourmet	雰囲気のある町家の中の２階が、昼食処である。	1
gourmet	少し味が濃い気がしたが、味覚が鋭くない僕ですら、何か物が違うということが分かる。	1
gourmet	鶏肉がふんだんに入っていて、卵も色艶が見事。	1
gourmet	そして、上に申し訳で、うずらの卵が載っているところが可愛らしい。	1
gourmet	以外においしかったよー。	1
gourmet	そんな私も水の味だけには敏感で、学食のお茶を飲むと苔のような味がするのにはいまだに慣れない。	0
gourmet	無料で出される水が美味しい店はやっぱり料理もおいしい。	1
gourmet	だれかの作った料理がいいのだ。	1
gourmet	なぜか、人の作ったものは、自分で作ったものよりおいしい。	1
gourmet	実際、おいしいかどうかは知らないがおいしく感じる。	1
gourmet	ひとりでブツブツしゃべっていても気味が悪いし。	0
gourmet	学食ではみちのくフェアと称して、私には珍しい食品が販売されていました。	1
gourmet	どれも美味でしたね…	1
gourmet	おかしな話、遠いものの方がおいしそうに見えるようです。	1
gourmet	コーヒーと白餡を混ぜたクリーム状のものは、栗とあうのです。	1
gourmet	料理は一回に頼む分に制限があるが、どれもおいしく申し分ない。	1
gourmet	もう一つ、京大生では知っている人もいると思うが、元田中あたりの焼き肉「さとのや」はすごくあつい。。	1
gourmet	おっちゃんはきさくな人で、サービスもいい。	1
gourmet	なにがグルメでないかというと、いわゆる「味オンチ」だということである。	0
gourmet	３人兄弟の末っ子に育った環境がそうさせたのかはわからないが、私の胃腸の強さは相当なものであるらしい。	1
gourmet	グルメを自称する人たちのおいしさを追及する努力には感心するけれど、なんでもにこにこ食べられるというのは私の武器だと思っている。	1
gourmet	まあ呆れられることも多いですが。	0
gourmet	料理のペの字も知らないうちは、とても重宝するだろうとのお察しである。	1
gourmet	さらに、この時期、筆者自身が、「『もやし』って最強じゃね？」と今更ながらにもやしの神秘の力を理解する。	1
gourmet	話がそれましたが、まぁ美味しかったですよ。	1
gourmet	好きなところは、まず生協のように作り置きでなく注文してからカツを揚げるのでおいしい。	1
gourmet	茶碗蒸しのほうもしっかりとだしがきいていて、すばらしい一品なのである。	1
gourmet	「いかにして食費を安くすませるか」我々貧乏学生にはとても重要な問題ですよね。	1
gourmet	グルメというには少しみみっちいかもしれませんが、別に味もそんなに悪くないモンです。	1
gourmet	それに料理はメニューを考えたり作ったりする過程も楽しいものです。	1
gourmet	つらつらと、長ったらしく偉そうに言ってしまいましたが、何が目的かといえば、皆さんに自炊のすばらしさを知ってもらいたいのです。	1
gourmet	現代の食生活は大変乱れていると感じられます。	1
gourmet	高校時代までと違って，大学の食堂は大変充実している．	1
gourmet	真偽はともかくとして，強ち間違いではないと思う．	1
gourmet	この近くにとってもおいしいケーキ屋があって，立ち寄ってみました．	1
gourmet	味はなかなかよかったし，店内のインテリアもなかなか凝っていました．	1
gourmet	正直、言ってレベルやばい。	1
gourmet	今まで私が食べてきたパフェをパフェと呼ぶならば、このつじりのパフェは超パフェであります。	1
gourmet	食べてて口元が緩みました。	1
gourmet	あの店の前にダラダラと続く行列は確かに並ぶのには覚悟がいりますが、その価値はあります。	1
gourmet	午後５時から翌朝１時までしか営業してない、ということはやはりおいしい店の証拠である。	1
gourmet	京都のラーメン屋にしては珍しいあっさり風の豚骨醤油の「中華そば」がなんともおいしい。	1
gourmet	中華そばより高いが、アサリが入ったスープはボンゴレ風で、これが今までにない新しい感覚でうまい。	1
gourmet	どうしても世間は安く食事を済ませてしまおうと思いがちだが、私には到底考えられない。	0
gourmet	「秋の収穫祭」ということで期待して向かったが、それ以上の料理だった。	1
gourmet	さすがに高額のコースを頼んだだけあって、期待以上の味を堪能することができた。	1
gourmet	「コレです」と即答できるほどに思い入れのある食べものがない。	0
gourmet	…つくづく幸せな人間である。	1
gourmet	薄味のスープで煮込んだロールキャベツは全体の味がよく整っていて、たまに食べたくなる。	1
gourmet	お値段も７００円前後でこの値段でほっと一息つけるなら安いもんだ。	1
gourmet	京大周辺の定食屋なら比較的安くうまいものを食べることができるが、さすがにコストパフォーマンスの面で学食に勝るものはない。	1
gourmet	塩タンにカルビにハラミに、そこはまるで焼肉パラダイス☆☆	1
gourmet	いまいちだったらしく、彼女がその店に行くことが一度もないまま、その店は引っ越していった。	0
gourmet	おいしかったよと言いながら、彼が家族にお土産として渡したのは、「餃子ようかん」だった。	1
gourmet	手作りの餃子の味を一度覚えると、普通の餃子が餃子に思えなくなる。	0
gourmet	文句があるなら食べるな、と思う。	0
gourmet	もともと甘味処の主人であった人が経営する、あるうどん屋はおはぎが美味しい。	1
gourmet	農家の蔵を改造した凝った造りの店では、うどんについてくる自家製の米で造ったおむすびの味が素晴らしかった。	1
gourmet	おでんが美味しい店があれば、げその天ぷらが絶品の店、醤油がひょうたんに入っていて面白い店まで色々な、うどん以外の楽しみがある。	1
gourmet	つゆをつけず、そのままで食べてもおいしいし、つゆやその薬味とともに食べるのもいい。	1
gourmet	アイスの中に凍ったうどんが入っていて、新触感だった。	1
gourmet	アイスのベースは「出し汁」だそうだが、意外と違和感なく食べられた。	1
gourmet	うどん屋をあらかじめ調べていくのも楽しいし、何となく立ち寄ってみたうどん屋が調べた店以上に当たりだったりもする。	1
gourmet	讃岐うどんは、奥が深い。	1
gourmet	そこへいくと、河原町今出川の出町輸入食品は貧乏学生にとって非常に有難い店である。	1
gourmet	お財布にやさしい上に、かなり美味しい。	1
gourmet	出町輸入食品バンザイ！！	1
gourmet	まぁこういう「大食い」系の紹介記事とかっていくら『とりぁぇえず、デカいよぅ！！すごぃよぅ（はぁと）』とか『この量、この味、ぜひお店で食べてみてください！！』って書いてもあんまり意味無いので今回はボクが撮影してきた画像をお見せいたしましょう。	0
gourmet	じゃあお前の紹介文いらんやろ	0
gourmet	これが最初にして最大の難関。	0
gourmet	個人的には白菜の芯の部分がコリコリしておいしかったです。	1
gourmet	なべ料理はいい。	1
gourmet	鳥のだしとぽん酢は非常によく合うので、これもまた好きだ。	1
gourmet	北山通りの生協なら、毎日百円の上にそれなりにおいしい。	1
gourmet	この水は安いうえにおいしいので、通常の飲料水としてのほかに、私が自分でつけた梅酒を薄めるのにも使用している。	1
gourmet	このお弁当屋さんは、ほかのお弁当屋さんと違って作ったお弁当を持ってくるのではなく、十時半ごろからキッチン機能付きの車でやってきてお弁当を作りはじめるので、作りたてでおいしい。	1
gourmet	チャーシューメンでなくても丼一杯のチャーシューがのっていて食べ応え抜群であるのだ。	1
gourmet	強烈な個性を持ったラーメンではないが、このやさしい味わいが癖になって、つい小昼に足が向かった。	1
gourmet	庇は白、カウンターは黒色に塗り変わり、小昼の面影はほとんどなくなってしまった。	0
gourmet	そのため、祇園界隈は観光客でごった返し、人気の店の前には長蛇の列ができる。	0
gourmet	きなこ、ごま、抹茶、ほうじ茶などのアイスがあるが、どれも風味が豊かである。	1
gourmet	蕎麦ぼうろはコーンフレークよりも香ばしく、あっさりしたヨーグルトのクリームによくあっている。	1
gourmet	このようにおいしいパフェを、情緒あふれる町屋カフェで食べるというのは、京都ならではの醍醐味ではないだろうか。	1
gourmet	少し変わっているが、こうすることで味がよく染みておいしい。	1
gourmet	秋になると、さつまいもがおいしいのでとても幸せです。	1
gourmet	ただ、作るときに裏ごしをしなくてはいけないのでとても大変です。	0
gourmet	でも、ただ焼いただけの焼き芋に、バターを塗って食べるのもおいしいです。	1
gourmet	ここは小さな空間だけどかわいいインテリアが置いてあって素敵。	1
gourmet	初めて食べたけど、ハンバーグがとてもおいしかった。	1
gourmet	７００円前後でがっつり食べられるのがいいです。	1
gourmet	京大生の人におすすめのカフェといえば吉田山の頂上にある茂庵というところです。	1
gourmet	紅いもスープが付いていておいしかったです。	1
gourmet	土曜日に結婚式の２次会で行ったお店の料理がとっても美味しくて。。。	1
gourmet	新郎新婦もステキで。	1
gourmet	ステキ過ぎて羨ましかったー★笑	1
gourmet	京都に通い始めてから、北にいけばたくさんケーキやさんがあるし、どこも入りたくなるような店構え。	1
gourmet	うーん食べたいっと思ったときにそれを食べるのが一番ですよね	1
kyoto	時雨殿の外見も周りの料亭に負けていない程’高級’である。	1
kyoto	現代技術の精を尽くしたお遊びという印象を深く受けた。	1
kyoto	でも、それだけにそこらにある京都総合紹介とはちょっともそっとも違うダイナミックさが楽しい。	1
kyoto	誰かと嵐山に行ったら一度除く価値はあると思う。	1
kyoto	その名の通り、マンガンの鉱山跡を売りにしたスポットであり、その歴史案内や採掘現場である坑内の見学、飯場の模型展示などが行われている。	1
kyoto	その一方で、鉱物の研究者なども見学に訪れていたりする。	1
kyoto	同じ京都市とは思えないほどの遠さを感じてしまう。	0
kyoto	良いスポットなので、少しでも多くの人が訪れてくれればいいと思う。	1
kyoto	かつて小学校のときに見た銀閣寺は、そのすぐ前に金閣寺を見てきてたこともあってか、僕の目には結構しょぼく写ってました。	0
kyoto	前にだれかがいってたけど、外国人にはやっぱ金閣寺のほうが感激の度合いが大きいらしいです。	1
kyoto	確かに銀閣寺はしょぼい。	0
kyoto	金閣寺よりも小さいし、てかそもそも銀色じゃないし。	0
kyoto	でも実際行ってみて、このこじんまりした感じがいいなあって思った。	1
kyoto	でもあれは火事の後再建されたものだから…って考えるとちょっと金が安っぽく見えた。	0
kyoto	長年もの間、都であっただけあって、まち全体に厳かな雰囲気が流れているように感じます。	1
kyoto	本当に京都は素敵です！	1
kyoto	住んでみて改めて思います！！	1
kyoto	歴史もあり、文化もあり、寺社仏閣は市内中に多数あり、かといって古きにとどまらず新しきも取り入れ、そして何より食べ物がおいしい・・・	1
kyoto	そんな、素敵なまち・京都は、人をひきつける力が強いですから、多くの観光客の方が訪れますよね。	1
kyoto	京都を離れるまでに少しでもいろいろな所を訪れようと思いつつ、京都という何とも贅沢な場所にいること自体を楽しみ、味わい、残りの時間を過ごそう、と最近思うに至りました☆	1
kyoto	京都の美しい光景、しっとり歩く京の人々、流れるＢＧＭは「Ｓｏｕｎｄ　Ｏｆ　Ｍｕｓｉｃ」の「Ｍｙ　Ｆａｖｏｒｉｔｅ　Ｔｈｉｎｇｓ」。	1
kyoto	ゆったりとした雰囲気、京の美しい景色、落ち着いた音楽、その流れで現れる文字「そうだ、京都、行こう。」	1
kyoto	途中ではお土産類もたくさん売っていてまさに今日と観光にはうってつけ☆	1
kyoto	とにかく無駄に大きくて、一周するのに結構な時間がかかったし、疲れた。	0
kyoto	でも、二条城の庭園は池の中に鯉とか亀もいて、自然を再現したみたいだった。	1
kyoto	新撰組で堺雅人演じる山南さんがかっこよかったので山南グッズを手にしようとしたのですが隣にいた女子高生が、「え〜、堺雅人キモイや〜ん」とか友達に話してるのを聞いて買うのをやめたのは秘密です。	1
kyoto	でも女子高生のミニスカートは例え修学旅行生でもイイものだね。	1
kyoto	実は京都ってすごいんですね。	1
kyoto	知れば知るほど面白くなってきます。	1
kyoto	ガイド本に堂々と紹介されているのに人が少ないことがあろうか？	0
kyoto	そもそも本で紹介されているのに「知られざる」という表現は正しいのであろうか？	0
kyoto	京都は言わずと知れた古都であり、もう観光も開発もされ尽くしている感がある。	1
kyoto	特に、琵琶湖は地点によって表情が大きく変わり、見ていて全く飽きない。	1
kyoto	湖面を見ていると、滋賀の人が琵琶湖のことを「うみ」と呼んでいる気持ちがよく理解できた。	1
kyoto	行ってみて理解するのが一番だから。	1
kyoto	京都で有名なお寺を挙げろと言われたら、金閣寺や清水寺と答える人は多いのではないか。	1
kyoto	共有した時間や思い出と繋がっている場所。	1
kyoto	一つ、建物がいちいちおしゃれだ。	1
kyoto	町家というのか、普通の木造の家屋は、他のどの街のものよりも洗練されている。	1
kyoto	『変わらないもののよさを知っている街、京都』みたいなキャッチフレーズを見たことがあるけど、京都に住んでる人が持ってるそういう感覚なのかなって思う。	1
kyoto	和楽庵から眺める風景は本当に美しく、ポストカードにしたいくらいです。	1
kyoto	私は部活でそこでアルバイトできないのですが、きっと絶景に違いないです。	1
kyoto	その外観は思ったよりも豪華で、ちょっと俗な感じがしてしまっていたのは残念だったが、メインはそんな寺の様子ではない。	0
kyoto	この作品を作った人は天才だ。	1
kyoto	ちなみにここには、これまた有名な平清盛像もある。	1
kyoto	割と「知る人ぞ知る」、といった感のある六波羅蜜寺だが、これらの像はぜひとも見ておく価値がある。	1
kyoto	ビカビカに輝く金閣寺をきれいに撮るのは結構難しかった。	0
kyoto	どちらかというと木の間からもれ出てくる夕日のほうがいい感じではあった。	1
kyoto	夕暮れの池に映る山はものすごく綺麗でした。	1
kyoto	さらに五条まで行って清水寺に行こうとしたのだが、京阪の駅から伸びてるんじゃないかというくらい長い行列をみて断念。	0
kyoto	粘着接客の餌食にならないように…。	0
kyoto	あとは年末になると発表する「キノベス」なるランキングも要チェックです。	1
kyoto	この点そのあたりの観光地よりもずっと良心的。	1
kyoto	祭神をまるでアイドルのように思って参拝するというのもどうかと思うが、ここで取り上げたいのは神社側の姿勢だ。	0
kyoto	ここ最近参拝者が急増したため収入が増えたらしく、土地を広げたり改修工事を行ったりと気ぜわしい。	0
kyoto	しかし、祭神にゆかりのない大きな桃の石像を置いたり、何よりこれでもかというほど安倍晴明関係のグッツを置いた建物を建造するのはどうか。	0
kyoto	お守りなどではなく、マグカップやＴシャツ、キーホルダー、煎餅とまるでそこらの観光客目当ての店と変わらないものが所狭しと並べてあり、いかにも商売っけ丸出しだ。	0
kyoto	あまりにも安倍晴明ブームに乗ろうというのが丸分かりであり、その商売っけは神社にあるだけに余計見苦しく見える。	0
kyoto	祭神をアイドルのように見て参拝してくる若い女性に媚を売って、純粋な信仰心を持って参拝してくる者の存在を忘れていはしまいか。	0
kyoto	また、神社側が、祭神をアイドル視する参拝者を是定、助長するのはどうか。	0
kyoto	だが神社側もそれを忘れかけている、あるいは無視しているように思えてならない。	0
kyoto	そんな神社に、古くからの氏子も離れていきはしまいか。	0
kyoto	他の神社を訪れ、晴明神社を訪れてみると、その空気の違いに愕然とする。	0
kyoto	僕は外国に旅行しに行ったときに現地でできた友達に日本観光のガイドブックを見せてもらったことがあるが、二大トピックとして東京と京都があげられていて、ほかの地域はほとんどなきにひとしかった。	1
kyoto	国際的にも、京都は有名だ。	1
kyoto	それがこのアンバランスな状況を作り出しているのだろう。	0
kyoto	観光にかかわるひとでも英語を解さなかったりすることがあるのは、いかがなものだろうか。	0
kyoto	英語で話しかけれた場合は、こちらが英語に慣れていないのでそれはそれで大変ですが、実はより気を使う必要があるのは、片言の日本語で話しかけられた場合ではないでしょうか？	0
kyoto	仮に相手が日本語バッチリだとしても、こうした回答は丁寧な印象を与えられるので、いいことなのではないかと思います。	1
kyoto	京都の大学に進学したとき、在学中の四年の間に京都の観光名所を巡りまくろうと決意した。	1
kyoto	私は三日坊主な性格だから、予想はしていたが、僅か一回で京都観光を飽きてしまうとは思ってもいなかった。	0
kyoto	これ以上素敵な都市って、日本にもそうないんじゃないかしらん？？	1
kyoto	そして、その日の夜、時計台の中のレストランでおいしいフランス料理を食べました。	1
kyoto	この都市の穏やかな感じ。	1
kyoto	上品な京都弁。	1
kyoto	どれでも私の好奇心と探究心を引き付けています。	1
kyoto	京都は、居ながらにして旅ができるまちだ。	1
kyoto	ガイドブックを綿密に調べ、きっちりと予定を立てて、有名なスポットを見てまわるのももちろんいい。	1
kyoto	”トラフイカ京カード”ではない！	0
kyoto	京都市交通局の身勝手さは，観光客だけでなく，地元民にも迷惑をかけていると思います．	0
kyoto	でも印象が薄いということは、何気に入って内部を一周してはい終わり、みたいな感じだったのでしょう。	0
kyoto	なんといっても、一年中どこにいっても修学旅行生がみつけられるのが、さすが京都！ってかんじですね＾＾	1
kyoto	でもやっぱ、京都は人を魅せる＆見せる街だよねー。	1
kyoto	僕は昔寺社など見学しても何も面白くないと思っていた。	0
kyoto	だが、僕も大人になったのだろうか、今ではなんとなくその良さがわかる気がする。	1
kyoto	少なくとも数十年前まではそれが色濃かったように思われます	1
kyoto	見るものを圧倒する金の建物。	1
kyoto	何造りかは知らないが、日本一美しくゴージャスな建物であることに間違いないのかもしれない。	1
kyoto	その誰もを圧倒する静けさは、今に生きる室町時代とも言えようか。	1
kyoto	どこにだれと行っても、京都はすばらしい。	1
kyoto	それなのに特別おいしいわけではない、と言うより下手すると生協のほうがおいしいかもしれない。	0
kyoto	せっかく観光都市京都にきているのに大学なんかを見るのは時間の無駄だと思うのだが、生徒の中にはこの大学を第一志望にしている人もいるので面白くなくてもとりあえず見たいとのこと。	0
kyoto	私は大学の構成員として、大学の良くない点をきちんと伝える義務があると思ったので、「金閣より古い」ともっぱらの噂の寮の廊下とか、以前火事があった際に、「被害総額が１０００万円だが、そのうち建物の分は５万円」と言われたサークル棟など、我が大学の余り美しくない部分を中心に回った。	0
kyoto	それなりに満足してもらえたものと考えている。	1
kyoto	季節はずれだが、夏の京都観光には清水寺が良かった。	1
kyoto	清水の舞台を始めとしていろいろ見て回ったと思うが、数年たってもいまだに覚えているのはあの急激な涼しさである。	1
kyoto	観光目的だけで動く街、京都。	0
kyoto	バカみたいだ。	0
kyoto	どうせ、観光客は殆どが次に挙げるような美辞麗句だけ鵜呑みにしているのだ。	0
kyoto	ロハスな街、というのなら観光する目的地など要らない。	0
kyoto	「昔ながらの道があってー、お寺とか荘厳でー、山はきれいでー」	1
kyoto	お前らがアホなだけだ。	0
kyoto	この街はもはや虚栄の美のみで彩られた死んだ街だ。	0
kyoto	そのことを小松左京が文章で、そして樋口真嗣が小松の文章を映像で表現したものを見て、心の中で「所詮、みんなが望むものなんて破壊されればただの廃墟じゃない」と笑わせてもらった。	0
kyoto	京都はほかの街となんら変わらない。	0
kyoto	むしろ、ほかの街よりもひどく劣っているのだ。	0
kyoto	地面いっぱいにむした苔の緑と真っ赤な紅葉とのコントラストが美しかった。	1
kyoto	北は比叡山から、南は桃山まで京都は広く、見て回るのは大変である。	0
kyoto	しかし移動を単なる空間的な座標変位として捉えず、その過程を無視できない私としては、まず、徒歩はだめ。	0
kyoto	最近駐車禁止の取り締まりも厳しくなってきたし、あえて渋滞に巻き込まれようという奇特な人には強くお勧めだけど。	0
kyoto	無茶な論理だ。	0
kyoto	自転車万歳！	1
kyoto	いつも通りすごい景色がよかった。	1
kyoto	今回もよい景色やった。	1
kyoto	吉田山の東側にある、閑静な寺・真如堂。	1
kyoto	ここは春には桜・秋には紅葉の名所として有名であるが、僕はあえて観光シーズンの真如堂には行かないことにしている。	1
kyoto	なぜなら、この時期の真如堂には静けさがない。	0
kyoto	紅葉や桜の景観は確かにすばらしい。	1
kyoto	観光シーズンをずらせば、この寺の境内は実に魅力的だ。	1
kyoto	京都ってのは日本有数の観光地らしく、友達がたまーに泊りがけで遊びに来たりします。	1
kyoto	もちろん、清水寺とか平安神宮とか超メジャーどころでもいいわけなんだ。	1
kyoto	そんなんで今考えてるのが竜安寺と貴船神社。	1
kyoto	鴨川沿いを歩くのはほんとに気持ちよくて、京都はいいところだなぁとしみじみ感じています。	1
kyoto	楽しげにはしゃぐ人々の喧騒の傍ら、人々が手にした無数のろうそくの火が夜の川面にゆらゆらと映る光景は何とも言えず神秘的です。	1
kyoto	その中で、修学院離宮として有名な風景といえば、やはり上離宮かと思います。	1
kyoto	庭園の中心に据えられた広大な浴龍池、さえぎる物もなく高く冴え冴えと広がる空を背景に豊かに茂る周囲の木々が写り込んだその風景は後水尾上皇が愛でられたものであり、また時を置いて私たちも虜にするが故にメディアに多々取り上げられ、私たちの中で修学院離宮と言えばその風景を思い浮かばせる程になりました。	1
kyoto	それで、帰るときに「どうだった？」と聞くと、「うん、清水寺は景色がすばらしい。」とか「銀閣寺は静かな雰囲気があって、すごく良かった。」ではなくて、「うん、道がすごくきれいだった。」とか「人々が親切だった。」とか、すごく平凡なところでの感想しかもらえませんでした。	1
kyoto	これが、清水寺のすばらしい景色にきれいな道が勝った理由になると思いました。	1
kyoto	なかなかお得だ。	1
kyoto	黄桜カッパカントリーでは日本酒がかなり安く買え、しかもすぐそばで飲めるので、さきほどお土産にもらった月桂冠を一本と、カッパカントリーで買った珍しい炭酸ガス入りの日本酒を二本飲む。	1
kyoto	しかし、久しぶりの日曜日の午前中に、青空の下で日本酒を飲めるなんてとても素敵なことだ。	1
kyoto	酒粕ラーメンはとんこつベースなんだけど酒粕のおかげでかなりあっさりとしていて結構おいしかった。	1
kyoto	そして、その祭りがどれも、それなりに歴史なり、由来があるから恐ろしい。	1
kyoto	住んでいると、そういうことに関心を持たないのは、京都に限らずどこでも言えることだと思うが、それにしても、せっかく多くの興味深い素材があふれているのに、学生生活４年間、かかわりがないというのももったいないことである。	1
kyoto	梅干とともに頂いた、知恩寺の芋粥が美味であった。	1
kyoto	祇園祭は別名「屏風祭り」と言われるが、火祭りも負けていない。	1
kyoto	花と組み合わせてどれもセンスがいい。	1
kyoto	最も今は裏千家の人があまりにもおおいので、泡を立てなければクレームが出る次第。	0
kyoto	京都といえば、観光ですけど、うちの中の１位は、やっぱ清水寺です。	1
kyoto	観光って、かなり、受身になって、「きれい」とか「すごい」とか［高い］とかしかないじゃんか。	0
kyoto	でもな、清水寺には、エンターテイメント的要素がびっしりやねん。	1
kyoto	そして、なにより、舞台が高い。	1
kyoto	木の根道で足をとられて、「牛若丸がここで修行したらしいけど、たしかに修行になるよなぁ」と思ったりしました。	1
kyoto	温泉、かなり良かったです。	1
kyoto	山の中にあるのがすばらしい。	1
kyoto	京都に観光旅行に来る人が求めるものといえば、やはり古き良き日本の伝統芸能というやつだろう。	1
kyoto	ただ、ますます厳しくなった景観条例は、守るのが大変だな、とは思う。	0
kyoto	この状態では、本物の京都観光はまず無理でしょう。	0
kyoto	それは、一般には常識的に可能なことなのでしょうが、今更になって、自分の不努力を思い知りました。	0
kyoto	その所為か、帰り際には石でできていると思しきものには、無意識に視線が向いていました。	1
kyoto	体育の日にふさわしく、いつも以上に運動したということで、締めくくりましょう。	1
kyoto	京都観光と聞いて、清水寺！とか金閣！とか浮かべた方、相当甘い。	0
kyoto	そして、「観光」から「お気に入りの場所」となったところがいくつかある。	1
kyoto	季節によっていろんな表情が見られるのがいいなと思う。	1
kyoto	ガイドが間違ったイントネーションじゃ、外人さんもいつまでたっても学習できないじゃないですか。	0
kyoto	何がそんなに楽しいんですか！って言いたくなりますよね？	0
kyoto	ほかには絨毯のようなコケが印象的で、実家で飼っている猫のルーとシェラを連れてきたら、転げまわるのではと考えた。	1
kyoto	途中のお土産やの店先にビロードのようにきれいな毛皮の黒猫が座っていた。	1
kyoto	先に進んできゅうりのアイスをかって食べたが、塩辛いだけだった。	0
kyoto	さすが客商売をしている猫は愛想がいいと思った。	1
kyoto	夏休みが終わる頃の某日，京都の秘境？貴船・鞍馬へと行ってきました．	1
kyoto	出町柳から叡山電鉄が出ていることもあって以前から興味はあったのですが，なかなか時間が取れなかったので，良い機会となりました．	1
kyoto	天候があまり芳しくなかったので，鞍馬神社から山を越えて貴船へと行くのは諦めましたが，途中まで山を登って，ケーブルカーにのって下山しました．	0
kyoto	ダイヤも意外とフレキシブルで，適当にお客さんが増えたら運行しているようです．	1
kyoto	本殿は最近立て替えられたようで，少し現代的な雰囲気が漂っていたのですが，さらに奥にある奥宮は古くから存在するようで，歴史を感じさせるものがありました．	1
kyoto	いい思い出となりました．	1
kyoto	日本の古都、として有名な京都に住んでいるわけですから、当然京都の地理にも詳しくなると思っていました。	1
kyoto	しかし実際は、前期が終わり後期が始まっても、ちっとも詳しくなっていませんでした。	0
kyoto	これこそ、古都京都だな、と感じました。	1
kyoto	京都に生活していても、自分の部屋と大学くらいしか目にすることのない僕にとって、真の京都の良さを実感する良い機会となりました。	1
kyoto	私の京都お気に入りスポットは鴨川と先斗町である。	1
kyoto	京都の町屋が狭い路地の両側に並ぶ、京都の隠れ家的通りである。	1
kyoto	舞妓さんを見るだけで気持ちは高ぶるが、本場の京言葉を直に聞いたときは、京都に来て良かったと思う瞬間である。	1
kyoto	たまに地図を片手に河原を歩いている観光客を見かけるけれど、すごく目の付けどころがいいと思う。	1
kyoto	観光客向けの店が立ち並ぶ大通りは確かに京都っぽいが、修学旅行生集団をはじめとする人波の中を歩き回るとそれだけで疲れてしまう。	1
kyoto	私自身の京都生活はせいぜいここ半年の話だが、それまでも姉や親戚、さかのぼれば両親のどちらも京都に住んでいたことがあるので、考えてみれば縁の深い街である。	1
kyoto	文学作品の舞台としてお馴染みなのも関係あるかもしれない。	1
kyoto	「心のふるさと」なんて表現はあまりに手垢まみれだと思うけど、まぁそうとでも呼ぶべき、根源的なノスタルジーをこの街は持っているのかもしれない。	1
kyoto	思い出してみれば修学旅行の時の方が色々まわって見ていたので、今の自分は修学旅行生レベル以下ということになる。	0
kyoto	胎内巡りってゆうのがあって、それはお寺の地下を真っ暗な中を綱を頼りに出口を目指すものですが、本当の本当に真っ暗闇で、神聖なお寺の中やのに、大変スリリングな体験でした☆	1
kyoto	あ、でも、コロッケは相変わらずおいしかったぞよ笑。	1
kyoto	京都生まれの私には、「京都」ブランドってなぁんかしっくりこねぇんだなーξ	0
kyoto	んー分からん！！！！！！！！！！！！	0
kyoto	でもね、こないだ改めて“京都ってやっぱすげぇな”って思ったことがあったんです。	1
kyoto	んでまー当然観光地やしいっぱい並んでたんですけど、待った甲斐オオアリです！！！	1
kyoto	バリうま！！！！！！	1
kyoto	とろけました（笑）♪	1
kyoto	うまいうまい言いながら、友達と夢中で食べました☆	1
kyoto	京都はやっぱりやりますえ〜！！	1
kyoto	混雑した道は苦手なので、早朝に出発する。	0
kyoto	この時間の見極めが難しい。	0
kyoto	一番理想的だったのは、百万遍から嵐山・嵯峨野へ行くコースだ。	1
kyoto	町屋や田んぼ、小さな神社などを見ながら、ゆっくりと自転車をこいで移動するのは、なかなかいいものだった。	1
kyoto	以前見た、マネキンの首を竹の棒にさしてあるだけ、というかかしよりずっと人間的なかかし達でよかった。	1
kyoto	印象に残ったのは、「御髪神社」。	1
kyoto	以前、彼が横浜中華街に行ったお土産に「餃子ようかん」を買ってきてくれたお返しだ。	1
kyoto	なかなか画期的な味だった。	1
kyoto	一番苦労したのは、百万遍から貴船神社まで３時間かけていった時だ。	0
kyoto	貴船神社から鞍馬寺まで続く「木の根道」はなかなか面白いと親から教えてもらっていたので、愛山比２００円を払って行ってみた。	1
kyoto	楽だった。	1
kyoto	なかなか可愛らしい建物で、いかにも明治らしい優雅な雰囲気だった。	1
kyoto	タダより高いものはない。	0
kyoto	混沌という言葉がよく似合うと思う。	1
kyoto	まあ、短くまとめると、時空を無視したかのような奇妙な空間が広がっているのだ。	1
kyoto	こういう混沌は京都ならでは、だと思う。	1
kyoto	その様子は、単なる昔からの祭りというものを越えて、異様で神秘的な儀式であった。	1
kyoto	鞍馬駅前は人が多すぎる。	0
kyoto	この、知る人ぞ知る、場所でほっこりする時間は最高だ。	1
kyoto	面白い絵だ。	1
kyoto	さて、ここのハイライトは霊光殿である。	1
kyoto	小学校のときに校長室にあった歴代校長のポートレートなど、比ではない迫力だ。	1
kyoto	何かひきこまれるものがあった。	1
kyoto	きらきらしてて、そこだけが確かに今でも生きている感じがした。	1
kyoto	人間において、目の果たす役割は大きい。	1
kyoto	しかるに、像においても目の果たす役割は大きい。	1
kyoto	この寺のすべてが、この像の目に収斂されているような感覚を覚えた。	1
kyoto	知恩院に比べるとあまり知られていないのかもしれないが、ここは江戸後期に御所が焼けてしまったとき、後桜町上皇の仮御所になった、実はすごいところだ。	1
kyoto	そのために、「粟田の御所」とも呼ばれている。	1
kyoto	中に入ると確かに、すだれがかかった格式高そうな部屋があり、「御所」の風格を漂わせている。	1
kyoto	中を歩くと、三十六歌仙の額縁や、孝明天皇が使っていた御車などがあり、見るものに事欠かない。	1
kyoto	秋のおもむきは、こんなところからも伝わってくる。	1
kyoto	ライトの位置を微調整する庭師は、まさに光の芸術家だ。	1
kyoto	なんか他の人のを見ていると皆さんエラく真面目に書いてらっしゃるのね。	1
kyoto	いや確かに中学校の頃などに一度は連れて来られるんですけどそんなちぃちぃぱっぱの時期に清水寺とか見ても何の感慨も浮かばないってなもんですよダンナ。	0
kyoto	そんな私もセンチメンタルなお年頃と言うか卒業も近いし一回くらい見ておこうと思って今年頑張って見に行ってるのがいわゆる三大祭。	1
kyoto	とりあえずですね〜、率直な感想としてボクの周りには何故か海外観光客がたくさん集まっていてそれが英語ならまだしもフランス語やらイタリア語やらどこの国か分からないような言葉でバンバンお喋りになるのでちょっとバッドトリップしそうになりましたが。	0
kyoto	いいのかこんなんで。	0
kyoto	しかし、忘れてはいけないのが鴨川だ。	1
kyoto	水面は朝日で輝いている。	1
kyoto	いつも哲学の道どまりだから初めて拝観してみたけど、銀閣寺はとても地味で小さくて、最初どれが銀閣寺か分からなかった…	0
kyoto	最近は京都のあちこちで舞妓を体験できるお店があるようで、外国人の観光客にも注目されているようです。	1
kyoto	すごく貴重な体験でした。	1
kyoto	都路里は有名な甘味処。	1
kyoto	抹茶がすごーくおいしかった。	1
kyoto	入り口の楼門もすごく立派で赤色がはえてました。	1
kyoto	これがなんだかとーってもおもしろい！	1
kyoto	あれを軽いと感じる人はめったにいないんじゃないかと思いました…	0
kyoto	ぃやはゃ、このまま卒業しそうな勢ぃだわ。	0
kyoto	京都観光といえば、寺めぐり！といぅイメージがうちにはあります。	1
kyoto	有名なところがいいって訳でもないようやし、こんなシチュエーションで行ったらいいよ！っていうのを知ってる人いませんか？？	0
kyoto	その神官さんの言葉が印象的でした。	1
kyoto	なるほど、この自然があって、この生活はある。	1
kyoto	下手すると車よりも自転車の方が良い交通手段かもしれないくらいだ。	1
